y (s-1);n(pa*s);y (s-1);n(pa*s)
7,82E-03;68,74;0,0139;40,31
0,01154;157,9;8,71E-03;72,51
0,01554;130,8;0,01182;46,35
9,83E-03;195,8;0,01396;37,34
0,01737;113,3;0,01289;36,96
0,01408;134,1;0,01614;30,97
0,0174;111,2;0,01763;28,5
0,0206;95,1;0,0184;26,92
0,01935;91,66;0,02084;23,91
0,02221;79,58;0,02245;22,37
0,02519;78,22;0,02482;20,64
0,02807;71,21;0,02688;19,41
0,02906;70,5;0,02982;18,27
0,03368;60,6;0,03278;17,18
0,03542;57,73;0,03586;15,97
0,03961;50,76;0,0393;14,62
0,04285;47,23;0,04262;13,64
0,04734;43,65;0,04717;12,86
0,05181;40,72;0,05162;12,27
0,05668;38,61;0,05658;11,73
0,06215;36,78;0,06218;11,16
0,06827;35,54;0,06796;10,58
0,07522;33,76;0,07452;9,996
0,08211;31,18;0,08158;9,536
0,08977;28,63;0,08948;9,145
0,09857;26,43;0,0981;8,851
0,1079;24,67;0,1078;8,514
0,1183;23,16;0,118;8,084
0,1297;21,83;0,1291;7,663
0,1421;20,66;0,1416;7,315
0,1557;19,72;0,1552;7,028
0,171;18,94;0,17;6,808
0,1872;18,04;0,1865;6,622
0,2052;17,09;0,2045;6,42
0,2235;16,6;0,2238;6,225
0,247;15,76;0,2454;6,067
0,269;14,87;0,269;5,951
0,2958;13,93;0,2948;5,88
0,3244;13,2;0,3232;5,827
0,3556;12,57;0,355;5,745
0,3897;12,05;0,3895;5,716
0,4275;11,65;0,4275;5,689
0,4687;11,23;0,4678;5,629
0,5133;10,75;0,513;5,55
0,5625;10,34;0,5621;5,449
0,6165;9,99;0,6161;5,333
0,6757;9,673;0,675;5,195
0,7406;9,406;0,7398;5,077
0,8121;9,18;0,8111;4,964
0,8916;8,965;0,8891;4,819
0,9771;8,756;0,9745;4,657
1,071;8,556;1,068;4,481
1,174;8,391;1,171;4,295
1,286;8,289;1,283;4,095
1,41;8,276;1,406;3,882
1,545;8,352;1,543;3,658
1,695;8,501;1,693;3,434
1,86;8,616;1,856;3,211
2,038;8,687;2,034;2,992
2,233;8,789;2,229;2,781
2,448;8,935;2,443;2,581
2,685;9,069;2,678;2,393
2,944;9,13;2,935;2,217
3,227;9,086;3,217;2,052
3,537;8,915;3,525;1,899
3,876;8,603;3,864;1,756
4,249;8,193;4,235;1,622
4,66;7,732;4,642;1,498
5,108;7,24;5,088;1,385
5,598;6,739;5,576;1,279
6,136;6,262;6,112;1,181
6,725;5,798;6,699;1,091
7,371;5,349;7,342;1,008
8,079;4,922;8,047;0,9313
8,855;4,53;8,82;0,8608
9,705;4,172;9,667;0,7954
10,64;3,842;10,6;0,7356
11,66;3,541;11,61;0,6809
12,78;3,263;12,73;0,6303
14,01;3,009;13,95;0,5836
15,35;2,776;15,29;0,5406
16,83;2,561;16,76;0,501
18,44;2,363;18,37;0,4647
20,21;2,182;20,13;0,4312
22,15;2,015;22,07;0,4002
24,29;1,862;24,18;0,3717
26,63;1,721;26,51;0,3455
29,18;1,592;29,05;0,3213
31,99;1,473;31,84;0,299
35,06;1,364;34,9;0,2784
38,42;1,263;38,25;0,2594
42,11;1,171;41,92;0,2419
46,16;1,086;45,95;0,2257
50,59;1,008;50,36;0,2108
55,45;0,9354;55,2;0,1969
60,78;0,8687;60,5;0,1841
66,61;0,8073;66,33;0,1722
73,01;0,7509;72,78;0,1611
80,02;0,6985;79,78;0,1509
87,71;0,6499;87,45;0,1415
96,17;0,6051;95,85;0,1328
105,4;0,5638;105;0,1247
115,5;0,5255;115,1;0,1173
126,6;0,4903;126,2;0,1103
138,8;0,4577;138,3;0,1039
152,1;0,4278;151,6;0,09792
166,7;0,4;166,2;0,09239
182,7;0,3742;182,1;0,08725
200,3;0,3503;199,6;0,08247
219,5;0,3282;218,8;0,07805
240,6;0,3078;239,8;0,07398
263,7;0,2887;262,8;0,07023
289;0,2712;288;0,06674
316,8;0,255;315,8;0,06351
347,2;0,2399;346,4;0,06047
380,6;0,2258;379,7;0,05769
417,1;0,2128;416,2;0,05511
457,2;0,2008;456,1;0,05276
