[m18] y (s-1),[m18] n(pa*s),[m14] y (s-1),[m14] n(pa*s)
0.01272,17.32,8.772E-003,1.422E+003
6.153E-003,561.7,2.774E-003,4.670E+003
0.03857,210.6,0.01469,1.175E+003
5.745E-003,764.8,0.01339,1.554E+003
7.067E-005,5.025E+003,0.01481,1.479E+003
1.213E-005,2.195E+004,0.01582,1.439E+003
5.728E-005,2.798E+004,0.01730,1.365E+003
0.01982,373.1,0.01929,1.256E+003
0.04253,188.8,0.02065,1.216E+003
3.264E-004,5.783E+003,0.02321,1.122E+003
3.558E-005,483.9,0.02494,1.069E+003
2.294E-005,2.977E+004,0.02732,1.001E+003
0.01417,424.8,0.03009,931.3
0.05277,152.1,0.03295,871.8
1.690E-003,2.667E+003,0.03610,815.4
0.04281,181.3,0.03958,761.3
0.03608,282.7,0.04339,708.1
0.05128,189.5,0.04755,655.7
0.04924,212.6,0.05213,604.0
0.05665,193.4,0.05714,553.0
0.06301,177.8,0.06259,502.8
0.06901,165.3,0.06857,456.5
0.07541,154.2,0.07515,416.8
0.08269,142.5,0.08240,382.8
0.09023,134.0,0.09032,352.5
0.09928,126.6,0.09898,324.3
0.1085,119.3,0.1085,298.6
0.1188,112.2,0.1189,276.0
0.1301,105.7,0.1303,256.2
0.1426,99.26,0.1428,239.5
0.1561,92.78,0.1565,225.6
0.1712,87.03,0.1715,214.7
0.1876,82.27,0.1882,206.7
0.2058,77.67,0.2063,199.8
0.2255,73.92,0.2261,193.3
0.2473,70.59,0.2478,186.6
0.2709,67.28,0.2717,179.4
0.2975,63.44,0.2978,174.7
0.3254,58.81,0.3265,171.6
0.3567,54.81,0.3579,166.9
0.3912,51.86,0.3923,161.2
0.4284,49.25,0.4300,155.6
0.4701,47.44,0.4713,150.7
0.5153,46.49,0.5165,146.1
0.5647,46.70,0.5661,138.1
0.6193,47.56,0.6205,128.0
0.6789,48.23,0.6801,117.5
0.7448,47.24,0.7454,106.6
0.8157,44.94,0.8170,98.05
0.8943,44.43,0.8954,92.31
0.9806,45.17,0.9814,88.60
1.075,45.14,1.076,84.81
1.178,44.55,1.179,79.14
1.292,44.14,1.292,72.63
1.416,43.41,1.416,66.66
1.552,42.84,1.552,61.83
1.701,42.74,1.701,56.81
1.865,42.61,1.865,51.30
2.044,42.36,2.044,46.78
2.240,41.72,2.240,43.65
2.455,40.93,2.455,41.86
2.691,40.04,2.691,40.01
2.949,38.89,2.949,37.98
3.233,37.46,3.233,36.44
3.543,35.94,3.543,34.73
3.884,34.68,3.884,33.44
4.256,33.65,4.256,32.00
4.665,32.41,4.665,30.09
5.113,30.88,5.113,28.23
5.604,29.60,5.604,26.13
6.142,28.66,6.142,23.84
6.732,27.58,6.732,22.59
7.379,26.29,7.379,21.72
8.088,24.75,8.088,20.46
8.864,22.89,8.864,19.48
9.715,21.20,9.715,18.64
10.65,19.75,10.65,17.36
11.67,18.29,11.67,15.91
12.79,16.91,12.79,14.72
14.02,15.74,14.12,13.55
15.37,14.68,15.37,12.4
16.84,13.69,16.84,11.44
18.46,12.78,18.46,10.56
20.23,11.92,20.23,9.754
22.18,11.14,22.18,9.027
24.31,10.4,24.31,8.321
26.64,9.681,26.64,7.702
29.20,9.008,29.20,7.136
32.00,8.392,32.00,6.619
35.08,7.818,35.08,6.138
38.44,7.290,38.44,5.708
42.14,6.806,42.14,5.303
46.18,6.352,46.18,4.908
50.62,5.924,50.62,4.550
55.48,5.523,55.48,4.229
60.81,5.152,60.81,3.934
66.64,4.810,66.65,3.657
73.05,4.493,73.05,3.398
80.06,4.196,80.06,3.155
87.75,3.917,87.75,2.932
96.18,3.659,96.18,2.727
105.4,3.420,105.4,2.539
115.5,3.196,115.5,2.364
126.6,2.983,126.6,2.200
138.8,2.776,138.8,2.048
152.1,2.602,152.1,1.906
166.7,2.457,166.7,1.773
182.7,2.319,182.7,1.649
200.3,2.191,200.3,1.535
219.5,2.068,219.5,1.422
240.6,1.951,240.6,1.306
263.7,1.832,263.7,1.187
289.0,1.710,289.0,1.078
316.8,1.592,316.8,0.9849
347.2,1.480,347.2,0.8805
380.6,1.298,380.6,0.8082
417.1,1.028,417.1,0.8047
457.2,0.8057,457.2,0.8045
