Temp./°C;Time/min;DTA/(uV/mg);Mass/%;Sensit./(µV/mW)
 33,95600;0,0000e+000;8,9589e-003;100,00000;1,00000
 38,95600;    4,02554;2,0306e-002;100,09303;1,00000
 43,95600;    5,25052;2,5681e-002;100,12858;1,00000
 48,95600;    6,18606;2,9392e-002;100,10181;1,00000
 53,95600;    6,99003;3,1396e-002;100,06118;1,00000
 58,95600;    7,71832;3,2274e-002;100,01668;1,00000
 63,95600;    8,40249;3,2451e-002; 99,97178;1,00000
 68,95600;    9,05963;3,1924e-002; 99,92824;1,00000
 73,95600;    9,70499;3,0840e-002; 99,88618;1,00000
 78,95600;   10,34679;2,9639e-002; 99,84433;1,00000
 83,95600;   10,99088;2,8254e-002; 99,80600;1,00000
 88,95600;   11,64264;2,6882e-002; 99,76919;1,00000
 93,95600;   12,30902;2,5917e-002; 99,73472;1,00000
 98,95600;   12,99788;2,4812e-002; 99,70330;1,00000
103,95600;   13,71861;2,4150e-002; 99,67229;1,00000
108,95600;   14,48010;2,3911e-002; 99,64475;1,00000
113,95600;   15,29057;2,4230e-002; 99,62149;1,00000
118,95600;   16,15654;2,5412e-002; 99,60102;1,00000
123,95600;   17,08014;2,7497e-002; 99,58420;1,00000
128,95600;   18,06228;3,0273e-002; 99,56878;1,00000
133,95600;   19,09536;3,3738e-002; 99,55137;1,00000
138,95600;   20,16876;3,7760e-002; 99,52888;1,00000
143,95600;   21,26833;4,2023e-002; 99,49870;1,00000
148,95600;   22,37708;4,6218e-002; 99,46165;1,00000
153,95600;   23,48478;5,0198e-002; 99,41561;1,00000
158,95600;   24,58226;5,3661e-002; 99,35859;1,00000
163,95600;   25,66218;5,6887e-002; 99,29133;1,00000
168,95600;   26,72366;5,9809e-002; 99,21077;1,00000
173,95600;   27,76538;6,2638e-002; 99,11475;1,00000
178,95600;   28,78844;6,5444e-002; 99,00001;1,00000
183,95600;   29,79604;6,8210e-002; 98,86170;1,00000
188,95600;   30,79287;7,0934e-002; 98,69315;1,00000
193,95600;   31,78174;7,3878e-002; 98,48031;1,00000
198,95600;   32,77074;7,6953e-002; 98,22464;1,00000
203,95600;   33,76219;8,0189e-002; 97,91127;1,00000
208,95600;   34,75737;8,3980e-002; 97,52154;1,00000
213,95600;   35,75426;8,8700e-002; 97,03188;1,00000
218,95600;   36,75235;9,3878e-002; 96,42487;1,00000
223,95600;   37,74941;9,9500e-002; 95,67491;1,00000
228,95600;   38,74747;    0,10495; 94,76912;1,00000
233,95600;   39,74734;    0,10970; 93,68856;1,00000
238,95600;   40,74860;    0,11224; 92,46512;1,00000
243,95600;   41,75351;    0,11205; 91,18873;1,00000
248,95600;   42,76516;    0,10957; 90,02535;1,00000
253,95600;   43,78374;    0,10893; 89,11727;1,00000
258,95600;   44,79867;    0,11260; 88,46296;1,00000
263,95600;   45,81246;    0,12109; 87,88816;1,00000
268,95600;   46,82019;    0,13350; 87,22354;1,00000
273,95600;   47,82248;    0,14886; 86,42271;1,00000
278,95600;   48,81783;    0,16708; 85,54276;1,00000
283,95600;   49,81155;    0,18886; 84,61760;1,00000
288,95600;   50,80433;    0,21390; 83,66459;1,00000
293,95600;   51,79881;    0,24158; 82,72231;1,00000
298,95600;   52,79836;    0,27028; 81,89501;1,00000
303,95600;   53,80138;    0,29597; 81,27295;1,00000
308,95600;   54,80682;    0,31660; 80,82639;1,00000
313,95600;   55,81210;    0,33504; 80,46871;1,00000
318,95600;   56,81627;    0,35305; 80,14361;1,00000
323,95600;   57,82134;    0,36843; 79,83411;1,00000
328,95600;   58,82791;    0,37904; 79,53683;1,00000
333,95600;   59,83575;    0,38374; 79,25131;1,00000
338,95600;   60,84796;    0,38223; 78,97929;1,00000
343,95600;   61,86638;    0,37483; 78,72118;1,00000
348,95600;   62,88743;    0,36254; 78,48149;1,00000
353,95600;   63,90865;    0,34709; 78,25761;1,00000
358,95600;   64,92589;    0,33153; 78,05559;1,00000
363,95600;   65,93864;    0,31686; 77,87086;1,00000
368,95600;   66,94818;    0,30210; 77,70197;1,00000
373,95600;   67,95470;    0,28679; 77,55309;1,00000
378,95600;   68,95835;    0,27344; 77,41918;1,00000
383,95600;   69,96170;    0,26560; 77,29493;1,00000
388,95600;   70,96423;    0,26732; 77,16638;1,00000
393,95600;   71,96328;    0,28448; 77,01902;1,00000
398,95600;   72,95676;    0,31433; 76,83214;1,00000
403,95600;   73,94566;    0,34665; 76,61728;1,00000
408,95600;   74,93332;    0,36986; 76,38945;1,00000
413,95600;   75,92491;    0,37870; 76,16564;1,00000
418,95600;   76,92502;    0,37644; 75,95384;1,00000
423,95600;   77,93291;    0,36535; 75,76679;1,00000
428,95600;   78,94649;    0,34744; 75,59684;1,00000
433,95600;   79,96456;    0,32502; 75,45603;1,00000
438,95600;   80,98336;    0,30440; 75,34019;1,00000
443,95600;   81,99780;    0,29344; 75,23631;1,00000
448,95600;   83,00100;    0,29624; 75,12963;1,00000
453,95600;   83,99748;    0,30895; 75,00907;1,00000
458,95600;   84,98929;    0,32906; 74,86754;1,00000
463,95600;   85,97673;    0,35741; 74,69318;1,00000
468,95600;   86,96231;    0,39136; 74,46869;1,00000
473,95600;   87,95104;    0,42197; 74,21989;1,00000
478,95600;   88,94815;    0,43636; 73,96535;1,00000
483,95600;   89,95791;    0,42205; 73,73893;1,00000
488,95600;   90,97935;    0,37732; 73,57389;1,00000
493,95600;   92,00581;    0,32344; 73,45513;1,00000
498,95600;   93,02945;    0,27579; 73,37567;1,00000
503,95600;   94,04570;    0,23605; 73,32678;1,00000
508,95600;   95,05402;    0,21011; 73,29820;1,00000
513,95600;   96,05580;    0,19646; 73,27623;1,00000
518,95600;   97,05298;    0,19006; 73,25794;1,00000
523,95600;   98,04972;    0,18761; 73,24085;1,00000
528,95600;   99,04560;    0,18750; 73,22445;1,00000
533,95600;  100,03989;    0,18830; 73,20758;1,00000
538,95600;  101,03344;    0,18911; 73,19488;1,00000
543,95600;  102,02715;    0,19002; 73,18165;1,00000
548,95600;  103,02158;    0,19123; 73,16850;1,00000
553,95600;  104,01778;    0,19276; 73,15561;1,00000
558,95600;  105,01571;    0,19429; 73,14226;1,00000
563,95600;  106,01556;    0,19581; 73,12935;1,00000
568,95600;  107,01644;    0,19733; 73,11704;1,00000
573,95600;  108,02060;    0,19893; 73,10447;1,00000
578,95600;  109,02115;    0,20047; 73,09111;1,00000
583,95600;  110,02057;    0,20181; 73,07843;1,00000
588,95600;  111,01910;    0,20330; 73,06471;1,00000
593,95600;  112,01616;    0,20489; 73,05122;1,00000
598,95600;  113,01450;    0,20657; 73,03909;1,00000
603,95600;  114,01288;    0,20822; 73,02458;1,00000
608,95600;  115,01297;    0,21017; 73,01141;1,00000
613,95600;  116,01450;    0,21214; 72,99639;1,00000
618,95600;  117,01783;    0,21414; 72,98280;1,00000
623,95600;  118,02133;    0,21602; 72,96912;1,00000
628,95600;  119,02347;    0,21803; 72,95428;1,00000
633,95600;  120,02382;    0,22014; 72,93975;1,00000
638,95600;  121,02480;    0,22218; 72,92738;1,00000
643,95600;  122,02479;    0,22433; 72,91157;1,00000
648,95600;  123,02365;    0,22662; 72,89954;1,00000
653,95600;  124,02357;    0,22925; 72,89330;1,00000
658,95600;  125,02279;    0,23192; 72,88904;1,00000
663,95600;  126,02394;    0,23423; 72,88607;1,00000
668,95600;  127,02644;    0,23635; 72,88251;1,00000
673,95600;  128,03205;    0,23845; 72,88159;1,00000
678,95600;  129,03719;    0,24101; 72,87921;1,00000
683,95600;  130,03961;    0,24355; 72,87734;1,00000
688,95600;  131,03955;    0,24595; 72,87465;1,00000
693,95600;  132,03811;    0,24844; 72,87337;1,00000
698,95600;  133,03722;    0,25060; 72,87171;1,00000
703,95600;  134,03675;    0,25306; 72,86942;1,00000
708,95600;  135,03624;    0,25559; 72,86701;1,00000
713,95600;  136,03833;    0,25817; 72,86511;1,00000
718,95600;  137,04123;    0,26052; 72,86300;1,00000
723,95600;  138,04355;    0,26281; 72,86045;1,00000
728,95600;  139,04524;    0,26541; 72,85836;1,00000
733,95600;  140,04668;    0,26796; 72,85707;1,00000
738,95600;  141,04762;    0,27048; 72,85379;1,00000
743,95600;  142,04730;    0,27290; 72,85198;1,00000
748,95600;  143,04789;    0,27566; 72,85147;1,00000
753,95600;  144,04828;    0,27847; 72,84975;1,00000
758,95600;  145,04973;    0,28117; 72,84806;1,00000
763,95600;  146,05343;    0,28409; 72,84639;1,00000
768,95600;  147,05655;    0,28661; 72,84335;1,00000
773,95600;  148,05973;    0,28971; 72,84083;1,00000
778,95600;  149,06038;    0,29255; 72,83927;1,00000
783,95600;  150,06140;    0,29552; 72,83577;1,00000
788,95600;  151,06187;    0,29859; 72,83382;1,00000
793,95600;  152,06153;    0,30178; 72,83201;1,00000
798,95600;  153,06177;    0,30478; 72,82850;1,00000
803,95600;  154,06150;    0,30773; 72,82448;1,00000
808,95600;  155,06314;    0,31097; 72,82289;1,00000
813,95600;  156,06440;    0,31390; 72,81733;1,00000
818,95600;  157,06395;    0,31687; 72,81473;1,00000
823,95600;  158,06344;    0,31951; 72,80906;1,00000
828,95600;  159,06190;    0,32231; 72,80459;1,00000
833,95600;  160,05921;    0,32494; 72,79999;1,00000
838,95600;  161,05723;    0,32770; 72,79273;1,00000
843,95600;  162,05615;    0,33036; 72,78839;1,00000
848,95600;  163,05569;    0,33316; 72,78306;1,00000
853,95600;  164,05816;    0,33582; 72,77656;1,00000
858,95600;  165,06012;    0,33846; 72,77329;1,00000
863,95600;  166,06431;    0,34069; 72,76587;1,00000
868,95600;  167,06815;    0,34333; 72,75842;1,00000
873,95600;  168,07129;    0,34587; 72,75469;1,00000
878,95600;  169,07275;    0,34884; 72,74818;1,00000
883,95600;  170,07211;    0,35135; 72,74198;1,00000
888,95600;  171,07047;    0,35387; 72,73368;1,00000
893,95600;  172,06944;    0,35685; 72,72734;1,00000
898,95600;  173,06780;    0,35992; 72,72010;1,00000
903,95600;  174,06592;    0,36340; 72,71246;1,00000
908,95600;  175,06439;    0,36662; 72,70300;1,00000
913,95600;  176,06215;    0,37045; 72,69616;1,00000
918,95600;  177,06007;    0,37409; 72,68718;1,00000
923,95600;  178,05609;    0,37752; 72,67911;1,00000
928,95600;  179,05509;    0,38088; 72,67025;1,00000
933,95600;  180,05565;    0,38393; 72,66107;1,00000
938,95600;  181,05704;    0,38697; 72,65201;1,00000
943,95600;  182,05790;    0,38984; 72,64145;1,00000
948,95600;  183,05821;    0,39291; 72,63177;1,00000
953,95600;  184,05699;    0,39550; 72,62352;1,00000
958,95600;  185,05693;    0,39851; 72,61428;1,00000
963,95600;  186,05657;    0,40154; 72,60481;1,00000
968,95600;  187,05570;    0,40467; 72,59703;1,00000
973,95600;  188,05298;    0,40770; 72,58832;1,00000
978,95600;  189,05204;    0,41053; 72,58307;1,00000
983,95600;  190,05356;    0,41388; 72,57719;1,00000
988,95600;  191,05256;    0,41666; 72,57038;1,00000
993,95600;  192,05098;    0,41978; 72,56234;1,00000
